challenge_hex,trial,response_hex,response_bin64
A2E9A742,0,9148B4829C42488A,1001000101001000101101001000001010011100010000100100100010001010
A2E9A742,1,9149B4829C424882,1001000101001001101101001000001010011100010000100100100010000010
A2E9A742,2,9148B4829C424882,1001000101001000101101001000001010011100010000100100100010000010
A2E9A742,3,9140B4829C424882,1001000101000000101101001000001010011100010000100100100010000010
A2E9A742,4,9148B4829C424882,1001000101001000101101001000001010011100010000100100100010000010
A2E9A742,5,9148B4829C424882,1001000101001000101101001000001010011100010000100100100010000010
A2E9A742,6,9148B4829C424882,1001000101001000101101001000001010011100010000100100100010000010
A2E9A742,7,9148B4829C424882,1001000101001000101101001000001010011100010000100100100010000010
A2E9A742,8,9148B4829C42488A,1001000101001000101101001000001010011100010000100100100010001010
A2E9A742,9,9148B4C29C424882,1001000101001000101101001100001010011100010000100100100010000010
736D8D36,0,8071283295F1E405,1000000001110001001010000011001010010101111100011110010000000101
736D8D36,1,8071283A95F1E005,1000000001110001001010000011101010010101111100011110000000000101
736D8D36,2,8071283A95F1E005,1000000001110001001010000011101010010101111100011110000000000101
736D8D36,3,8071283A95F1E005,1000000001110001001010000011101010010101111100011110000000000101
736D8D36,4,8071283A95F1E005,1000000001110001001010000011101010010101111100011110000000000101
736D8D36,5,8071283A95F1E005,1000000001110001001010000011101010010101111100011110000000000101
736D8D36,6,8071283A95F1E005,1000000001110001001010000011101010010101111100011110000000000101
736D8D36,7,8071283A95F1E005,1000000001110001001010000011101010010101111100011110000000000101
736D8D36,8,8071283A95F1E005,1000000001110001001010000011101010010101111100011110000000000101
736D8D36,9,8071283A95F1E005,1000000001110001001010000011101010010101111100011110000000000101
E1806916,0,FAA031F545C0F489,1111101010100000001100011111010101000101110000001111010010001001
E1806916,1,FAA031F545C0B489,1111101010100000001100011111010101000101110000001011010010001001
E1806916,2,FAA031F545C0B489,1111101010100000001100011111010101000101110000001011010010001001
E1806916,3,FAA431F545C0B589,1111101010100100001100011111010101000101110000001011010110001001
E1806916,4,FAA031F545C0F489,1111101010100000001100011111010101000101110000001111010010001001
E1806916,5,FAA031F545C0B489,1111101010100000001100011111010101000101110000001011010010001001
E1806916,6,FAA031D545C0B489,1111101010100000001100011101010101000101110000001011010010001001
E1806916,7,FAA031F545C0B489,1111101010100000001100011111010101000101110000001011010010001001
E1806916,8,FAA031F545C0B489,1111101010100000001100011111010101000101110000001011010010001001
E1806916,9,FAA031D545C0B489,1111101010100000001100011101010101000101110000001011010010001001
212DEAFD,0,C0A47D4AE03C757D,1100000010100100011111010100101011100000001111000111010101111101
212DEAFD,1,C0A47D4AE03C757D,1100000010100100011111010100101011100000001111000111010101111101
212DEAFD,2,C0A47D4AE03C757D,1100000010100100011111010100101011100000001111000111010101111101
212DEAFD,3,C0A47D4AE03C757D,1100000010100100011111010100101011100000001111000111010101111101
212DEAFD,4,C0A47D4AE03C757D,1100000010100100011111010100101011100000001111000111010101111101
212DEAFD,5,C0A47D4AE03C755D,1100000010100100011111010100101011100000001111000111010101011101
212DEAFD,6,C0A47D4A603C757D,1100000010100100011111010100101001100000001111000111010101111101
212DEAFD,7,C0A47D4AE03C757D,1100000010100100011111010100101011100000001111000111010101111101
212DEAFD,8,C0A47D4AE03C757D,1100000010100100011111010100101011100000001111000111010101111101
212DEAFD,9,C0A47D4AE03C757D,1100000010100100011111010100101011100000001111000111010101111101
7914A7D3,0,F082D9030882EDD4,1111000010000010110110010000001100001000100000101110110111010100
7914A7D3,1,F182D9030882EDD4,1111000110000010110110010000001100001000100000101110110111010100
7914A7D3,2,F182D903088AEDD4,1111000110000010110110010000001100001000100010101110110111010100
7914A7D3,3,F082D9030882EDD4,1111000010000010110110010000001100001000100000101110110111010100
7914A7D3,4,F082D903088AE5D4,1111000010000010110110010000001100001000100010101110010111010100
7914A7D3,5,F182D903088AEDD4,1111000110000010110110010000001100001000100010101110110111010100
7914A7D3,6,F082D9030882EDD4,1111000010000010110110010000001100001000100000101110110111010100
7914A7D3,7,F082D9030882EDD4,1111000010000010110110010000001100001000100000101110110111010100
7914A7D3,8,F082D903088AEDD4,1111000010000010110110010000001100001000100010101110110111010100
7914A7D3,9,F082D9030882EDD4,1111000010000010110110010000001100001000100000101110110111010100
B32DB489,0,747C20EB5C64A1CA,0111010001111100001000001110101101011100011001001010000111001010
B32DB489,1,747C20EB5C64A1CA,0111010001111100001000001110101101011100011001001010000111001010
B32DB489,2,747C206B5C64A1CA,0111010001111100001000000110101101011100011001001010000111001010
B32DB489,3,747C20EB5C64A1CA,0111010001111100001000001110101101011100011001001010000111001010
B32DB489,4,747C20EB5C64A1CA,0111010001111100001000001110101101011100011001001010000111001010
B32DB489,5,747C20EB5C64A1CA,0111010001111100001000001110101101011100011001001010000111001010
B32DB489,6,747C20EB5C64A1CA,0111010001111100001000001110101101011100011001001010000111001010
B32DB489,7,747C20EB5C64A1CA,0111010001111100001000001110101101011100011001001010000111001010
B32DB489,8,747C20EB5C64A1CA,0111010001111100001000001110101101011100011001001010000111001010
B32DB489,9,747C20EB5C64A1CA,0111010001111100001000001110101101011100011001001010000111001010
F2FBE8D7,0,1282248472A81957,0001001010000010001001001000010001110010101010000001100101010111
F2FBE8D7,1,1222248472A81957,0001001000100010001001001000010001110010101010000001100101010111
F2FBE8D7,2,1222248472A81957,0001001000100010001001001000010001110010101010000001100101010111
F2FBE8D7,3,1222248472A81957,0001001000100010001001001000010001110010101010000001100101010111
F2FBE8D7,4,1202248472A81957,0001001000000010001001001000010001110010101010000001100101010111
F2FBE8D7,5,1202248472A81957,0001001000000010001001001000010001110010101010000001100101010111
F2FBE8D7,6,1222248472A81957,0001001000100010001001001000010001110010101010000001100101010111
F2FBE8D7,7,1202248472A81957,0001001000000010001001001000010001110010101010000001100101010111
F2FBE8D7,8,1202248472A81957,0001001000000010001001001000010001110010101010000001100101010111
F2FBE8D7,9,1202248472A81957,0001001000000010001001001000010001110010101010000001100101010111
0CDC32AA,0,5C148E0179025291,0101110000010100100011100000000101111001000000100101001010010001
0CDC32AA,1,5C148E0179025291,0101110000010100100011100000000101111001000000100101001010010001
0CDC32AA,2,5C148E0179025291,0101110000010100100011100000000101111001000000100101001010010001
0CDC32AA,3,4C148E0179025291,0100110000010100100011100000000101111001000000100101001010010001
0CDC32AA,4,5C148E0179025291,0101110000010100100011100000000101111001000000100101001010010001
0CDC32AA,5,5C148E0179025291,0101110000010100100011100000000101111001000000100101001010010001
0CDC32AA,6,5C148E0179125211,0101110000010100100011100000000101111001000100100101001000010001
0CDC32AA,7,5C148E0179025291,0101110000010100100011100000000101111001000000100101001010010001
0CDC32AA,8,5C148E0179025291,0101110000010100100011100000000101111001000000100101001010010001
0CDC32AA,9,5C148E0179125291,0101110000010100100011100000000101111001000100100101001010010001
E8E01870,0,5DBA088604DA0C78,0101110110111010000010001000011000000100110110100000110001111000
E8E01870,1,5D3A888604DA0C79,0101110100111010100010001000011000000100110110100000110001111001
E8E01870,2,5DBA088604DA0878,0101110110111010000010001000011000000100110110100000100001111000
E8E01870,3,5DBA088604DA0878,0101110110111010000010001000011000000100110110100000100001111000
E8E01870,4,5DBA888604DA0C78,0101110110111010100010001000011000000100110110100000110001111000
E8E01870,5,5DBA088604DA0878,0101110110111010000010001000011000000100110110100000100001111000
E8E01870,6,5DBA088604DA0C78,0101110110111010000010001000011000000100110110100000110001111000
E8E01870,7,5DBA088604DA0879,0101110110111010000010001000011000000100110110100000100001111001
E8E01870,8,5DBA088604DA0878,0101110110111010000010001000011000000100110110100000100001111000
E8E01870,9,5DBA088604DA0879,0101110110111010000010001000011000000100110110100000100001111001
3CA75836,0,46480F5553680C57,0100011001001000000011110101010101010011011010000000110001010111
3CA75836,1,46080F5D53680C57,0100011000001000000011110101110101010011011010000000110001010111
3CA75836,2,46080F5D53680C57,0100011000001000000011110101110101010011011010000000110001010111
3CA75836,3,46080F5D53680C57,0100011000001000000011110101110101010011011010000000110001010111
3CA75836,4,46080F5D53680C57,0100011000001000000011110101110101010011011010000000110001010111
3CA75836,5,46080F5553680C57,0100011000001000000011110101010101010011011010000000110001010111
3CA75836,6,46080F5553680C57,0100011000001000000011110101010101010011011010000000110001010111
3CA75836,7,46080F5553680C57,0100011000001000000011110101010101010011011010000000110001010111
3CA75836,8,46080F5553680C57,0100011000001000000011110101010101010011011010000000110001010111
3CA75836,9,46080F5553680C57,0100011000001000000011110101010101010011011010000000110001010111
01D5A1C4,0,A8101E102B50116A,1010100000010000000111100001000000101011010100000001000101101010
01D5A1C4,1,A8503E102B51116A,1010100001010000001111100001000000101011010100010001000101101010
01D5A1C4,2,A8501E102B50116A,1010100001010000000111100001000000101011010100000001000101101010
01D5A1C4,3,A8503E102B50116A,1010100001010000001111100001000000101011010100000001000101101010
01D5A1C4,4,A8501E102B51116A,1010100001010000000111100001000000101011010100010001000101101010
01D5A1C4,5,A8501E102B50116A,1010100001010000000111100001000000101011010100000001000101101010
01D5A1C4,6,A8D03E102B51116A,1010100011010000001111100001000000101011010100010001000101101010
01D5A1C4,7,A8503E102B51116A,1010100001010000001111100001000000101011010100010001000101101010
01D5A1C4,8,A8501E102B51116A,1010100001010000000111100001000000101011010100010001000101101010
01D5A1C4,9,A8501E102B50116A,1010100001010000000111100001000000101011010100000001000101101010
126930B5,0,06411CA8892944A1,0000011001000001000111001010100010001001001010010100010010100001
126930B5,1,06411CA089294480,0000011001000001000111001010000010001001001010010100010010000000
126930B5,2,06411CA8892944A1,0000011001000001000111001010100010001001001010010100010010100001
126930B5,3,06411CA089294480,0000011001000001000111001010000010001001001010010100010010000000
126930B5,4,06411CA0892944A0,0000011001000001000111001010000010001001001010010100010010100000
126930B5,5,06411CA0892944A0,0000011001000001000111001010000010001001001010010100010010100000
126930B5,6,06411CA0892944A1,0000011001000001000111001010000010001001001010010100010010100001
126930B5,7,06411CA089294480,0000011001000001000111001010000010001001001010010100010010000000
126930B5,8,06411CA0892944E0,0000011001000001000111001010000010001001001010010100010011100000
126930B5,9,06411CA0892944A0,0000011001000001000111001010000010001001001010010100010010100000
1BAC18D3,0,5472819573A82248,0101010001110010100000011001010101110011101010000010001001001000
1BAC18D3,1,D472819573A82248,1101010001110010100000011001010101110011101010000010001001001000
1BAC18D3,2,5472819573A82248,0101010001110010100000011001010101110011101010000010001001001000
1BAC18D3,3,D472819573A82248,1101010001110010100000011001010101110011101010000010001001001000
1BAC18D3,4,D472819573A82248,1101010001110010100000011001010101110011101010000010001001001000
1BAC18D3,5,D472819573AA2248,1101010001110010100000011001010101110011101010100010001001001000
1BAC18D3,6,5472819573AA2248,0101010001110010100000011001010101110011101010100010001001001000
1BAC18D3,7,D472819573A82248,1101010001110010100000011001010101110011101010000010001001001000
1BAC18D3,8,5472819573A82248,0101010001110010100000011001010101110011101010000010001001001000
1BAC18D3,9,D472819573AA2248,1101010001110010100000011001010101110011101010100010001001001000
00594BBE,0,C1632E97412F2BAC,1100000101100011001011101001011101000001001011110010101110101100
00594BBE,1,C1632E97412F2BAC,1100000101100011001011101001011101000001001011110010101110101100
00594BBE,2,C1632E97412F2AAC,1100000101100011001011101001011101000001001011110010101010101100
00594BBE,3,C1632E97412F2BAC,1100000101100011001011101001011101000001001011110010101110101100
00594BBE,4,C1632E97412F2AAC,1100000101100011001011101001011101000001001011110010101010101100
00594BBE,5,C1632E97412F2BAC,1100000101100011001011101001011101000001001011110010101110101100
00594BBE,6,C1632E97412F2BAC,1100000101100011001011101001011101000001001011110010101110101100
00594BBE,7,C1632E97412F2BAC,1100000101100011001011101001011101000001001011110010101110101100
00594BBE,8,C1632E97412F2BAC,1100000101100011001011101001011101000001001011110010101110101100
00594BBE,9,C1632E97412F2BAC,1100000101100011001011101001011101000001001011110010101110101100
D2F885EF,0,65B0428D7080DA81,0110010110110000010000101000110101110000100000001101101010000001
D2F885EF,1,65A0408D7080DA81,0110010110100000010000001000110101110000100000001101101010000001
D2F885EF,2,65A0408D7081DA81,0110010110100000010000001000110101110000100000011101101010000001
D2F885EF,3,65A0408D7080DA81,0110010110100000010000001000110101110000100000001101101010000001
D2F885EF,4,65A0408D7080DA81,0110010110100000010000001000110101110000100000001101101010000001
D2F885EF,5,65A0448D7080DA81,0110010110100000010001001000110101110000100000001101101010000001
D2F885EF,6,65A040897080DA81,0110010110100000010000001000100101110000100000001101101010000001
D2F885EF,7,65A0408D7081DA81,0110010110100000010000001000110101110000100000011101101010000001
D2F885EF,8,65A0408D7080DA81,0110010110100000010000001000110101110000100000001101101010000001
D2F885EF,9,65A0408D7080DA81,0110010110100000010000001000110101110000100000001101101010000001
6B6D34DE,0,0912AD0323AE8F84,0000100100010010101011010000001100100011101011101000111110000100
6B6D34DE,1,0952AD0323AE8F84,0000100101010010101011010000001100100011101011101000111110000100
6B6D34DE,2,0952AD0123AE8F84,0000100101010010101011010000000100100011101011101000111110000100
6B6D34DE,3,0952AD0323AE8F84,0000100101010010101011010000001100100011101011101000111110000100
6B6D34DE,4,0952AD0123AA8F84,0000100101010010101011010000000100100011101010101000111110000100
6B6D34DE,5,0952AD0323AE8F84,0000100101010010101011010000001100100011101011101000111110000100
6B6D34DE,6,0952AD0123AE8F84,0000100101010010101011010000000100100011101011101000111110000100
6B6D34DE,7,0952AD0123AE8FA4,0000100101010010101011010000000100100011101011101000111110100100
6B6D34DE,8,0952AD0123AE8F84,0000100101010010101011010000000100100011101011101000111110000100
6B6D34DE,9,0952AD0323AE8F84,0000100101010010101011010000001100100011101011101000111110000100
44CA17F3,0,602AD9030882C508,0110000000101010110110010000001100001000100000101100010100001000
44CA17F3,1,602AD903088AC508,0110000000101010110110010000001100001000100010101100010100001000
44CA17F3,2,602AD9030882C508,0110000000101010110110010000001100001000100000101100010100001000
44CA17F3,3,602AD9030882C508,0110000000101010110110010000001100001000100000101100010100001000
44CA17F3,4,602AD9030882C508,0110000000101010110110010000001100001000100000101100010100001000
44CA17F3,5,602AD903088EC508,0110000000101010110110010000001100001000100011101100010100001000
44CA17F3,6,602AD903088AC508,0110000000101010110110010000001100001000100010101100010100001000
44CA17F3,7,602AD903088EC508,0110000000101010110110010000001100001000100011101100010100001000
44CA17F3,8,602AD9030882C508,0110000000101010110110010000001100001000100000101100010100001000
44CA17F3,9,602AD903088EC508,0110000000101010110110010000001100001000100011101100010100001000
6AF39BC6,0,2F2BAC81632E9744,0010111100101011101011001000000101100011001011101001011101000100
6AF39BC6,1,2F2BAC81632E9744,0010111100101011101011001000000101100011001011101001011101000100
6AF39BC6,2,2F2BAC81632E9744,0010111100101011101011001000000101100011001011101001011101000100
6AF39BC6,3,AF2BAC81632E9744,1010111100101011101011001000000101100011001011101001011101000100
6AF39BC6,4,2F2BAC81632E9744,0010111100101011101011001000000101100011001011101001011101000100
6AF39BC6,5,2F2AAC81632E9744,0010111100101010101011001000000101100011001011101001011101000100
6AF39BC6,6,2F2AAC81632E9744,0010111100101010101011001000000101100011001011101001011101000100
6AF39BC6,7,2F2BAC81632E9744,0010111100101011101011001000000101100011001011101001011101000100
6AF39BC6,8,2F2BAC81632E9744,0010111100101011101011001000000101100011001011101001011101000100
6AF39BC6,9,2F2AAC81632E9744,0010111100101010101011001000000101100011001011101001011101000100
26961A0F,0,2056C043A4508169,0010000001010110110000000100001110100100010100001000000101101001
26961A0F,1,2056C043AC408169,0010000001010110110000000100001110101100010000001000000101101001
26961A0F,2,2056C043AC408169,0010000001010110110000000100001110101100010000001000000101101001
26961A0F,3,2056E043AC408169,0010000001010110111000000100001110101100010000001000000101101001
26961A0F,4,2056E043AC408169,0010000001010110111000000100001110101100010000001000000101101001
26961A0F,5,2056C043AC408169,0010000001010110110000000100001110101100010000001000000101101001
26961A0F,6,2056C043AC408169,0010000001010110110000000100001110101100010000001000000101101001
26961A0F,7,2056C043AC408169,0010000001010110110000000100001110101100010000001000000101101001
26961A0F,8,2056C043AC408169,0010000001010110110000000100001110101100010000001000000101101001
26961A0F,9,2056E043A4408169,0010000001010110111000000100001110100100010000001000000101101001
1AFE66B5,0,60285489780BD012,0110000000101000010101001000100101111000000010111101000000010010
1AFE66B5,1,602A5489680BD012,0110000000101010010101001000100101101000000010111101000000010010
1AFE66B5,2,602A5489680BD012,0110000000101010010101001000100101101000000010111101000000010010
1AFE66B5,3,602A5489780BD012,0110000000101010010101001000100101111000000010111101000000010010
1AFE66B5,4,602A5409680BD012,0110000000101010010101000000100101101000000010111101000000010010
1AFE66B5,5,602A5489680BD012,0110000000101010010101001000100101101000000010111101000000010010
1AFE66B5,6,602E5489780BD012,0110000000101110010101001000100101111000000010111101000000010010
1AFE66B5,7,602A5489780BD012,0110000000101010010101001000100101111000000010111101000000010010
1AFE66B5,8,602A5089680BD012,0110000000101010010100001000100101101000000010111101000000010010
1AFE66B5,9,602A5489780BD012,0110000000101010010101001000100101111000000010111101000000010010
828C019D,0,2056A022D57AAA19,0010000001010110101000000010001011010101011110101010101000011001
828C019D,1,2056A022D57AAA19,0010000001010110101000000010001011010101011110101010101000011001
828C019D,2,2056A222D57AAA19,0010000001010110101000100010001011010101011110101010101000011001
828C019D,3,2056A222D57AAA19,0010000001010110101000100010001011010101011110101010101000011001
828C019D,4,2056A222D57AAA19,0010000001010110101000100010001011010101011110101010101000011001
828C019D,5,2056A222D57AAA19,0010000001010110101000100010001011010101011110101010101000011001
828C019D,6,2056A022D57AAA19,0010000001010110101000000010001011010101011110101010101000011001
828C019D,7,2056A022D57AAA19,0010000001010110101000000010001011010101011110101010101000011001
828C019D,8,2056A222D57AAA19,0010000001010110101000100010001011010101011110101010101000011001
828C019D,9,2056A022D57AAA19,0010000001010110101000000010001011010101011110101010101000011001
6218F14E,0,808A495080B49545,1000000010001010010010010101000010000000101101001001010101000101
6218F14E,1,888A495080F4B545,1000100010001010010010010101000010000000111101001011010101000101
6218F14E,2,888A485180B4B545,1000100010001010010010000101000110000000101101001011010101000101
6218F14E,3,808A495080F4B545,1000000010001010010010010101000010000000111101001011010101000101
6218F14E,4,808A495080F4B545,1000000010001010010010010101000010000000111101001011010101000101
6218F14E,5,808A485080B49545,1000000010001010010010000101000010000000101101001001010101000101
6218F14E,6,808A495180B4B545,1000000010001010010010010101000110000000101101001011010101000101
6218F14E,7,808A495080B4B545,1000000010001010010010010101000010000000101101001011010101000101
6218F14E,8,808A495080B49545,1000000010001010010010010101000010000000101101001001010101000101
6218F14E,9,888A495180B4B545,1000100010001010010010010101000110000000101101001011010101000101
36AF70C0,0,08E544494A2404B4,0000100011100101010001000100100101001010001001000000010010110100
36AF70C0,1,08E504494A2504B4,0000100011100101000001000100100101001010001001010000010010110100
36AF70C0,2,08E544494A2504B4,0000100011100101010001000100100101001010001001010000010010110100
36AF70C0,3,08E504494A2504B4,0000100011100101000001000100100101001010001001010000010010110100
36AF70C0,4,08E504494A250CB4,0000100011100101000001000100100101001010001001010000110010110100
36AF70C0,5,08E544494A2504B4,0000100011100101010001000100100101001010001001010000010010110100
36AF70C0,6,08E544494A2504B4,0000100011100101010001000100100101001010001001010000010010110100
36AF70C0,7,08E504494A2504B4,0000100011100101000001000100100101001010001001010000010010110100
36AF70C0,8,08E544494A2504B4,0000100011100101010001000100100101001010001001010000010010110100
36AF70C0,9,08E504494A2504B4,0000100011100101000001000100100101001010001001010000010010110100
575E806F,0,901EC28D043C026D,1001000000011110110000101000110100000100001111000000001001101101
575E806F,1,901EC28C063C026D,1001000000011110110000101000110000000110001111000000001001101101
575E806F,2,901EC28C043C026D,1001000000011110110000101000110000000100001111000000001001101101
575E806F,3,901EC28C843C026D,1001000000011110110000101000110010000100001111000000001001101101
575E806F,4,901EC28C043C026D,1001000000011110110000101000110000000100001111000000001001101101
575E806F,5,901EC28C063C026D,1001000000011110110000101000110000000110001111000000001001101101
575E806F,6,901EC28C063C026D,1001000000011110110000101000110000000110001111000000001001101101
575E806F,7,901EC28C043C026D,1001000000011110110000101000110000000100001111000000001001101101
575E806F,8,B01EC28C043C026D,1011000000011110110000101000110000000100001111000000001001101101
575E806F,9,901EC28C043C026D,1001000000011110110000101000110000000100001111000000001001101101
9E4B5FF1,0,BB74C220B6403C20,1011101101110100110000100010000010110110010000000011110000100000
9E4B5FF1,1,BB74C222B6403C20,1011101101110100110000100010001010110110010000000011110000100000
9E4B5FF1,2,BB74C220B6403C20,1011101101110100110000100010000010110110010000000011110000100000
9E4B5FF1,3,BB74C222B6403C21,1011101101110100110000100010001010110110010000000011110000100001
9E4B5FF1,4,BB74C220B6403C20,1011101101110100110000100010000010110110010000000011110000100000
9E4B5FF1,5,BB74C220B6403C21,1011101101110100110000100010000010110110010000000011110000100001
9E4B5FF1,6,BB74C222B6403C20,1011101101110100110000100010001010110110010000000011110000100000
9E4B5FF1,7,BB74C220B6403C60,1011101101110100110000100010000010110110010000000011110001100000
9E4B5FF1,8,BB74C222B6403C20,1011101101110100110000100010001010110110010000000011110000100000
9E4B5FF1,9,BB74C220B6403C20,1011101101110100110000100010000010110110010000000011110000100000
37994CF5,0,D7568184A949289C,1101011101010110100000011000010010101001010010010010100010011100
37994CF5,1,D7568084A949289C,1101011101010110100000001000010010101001010010010010100010011100
37994CF5,2,D7568184A949209C,1101011101010110100000011000010010101001010010010010000010011100
37994CF5,3,D5568084A949209C,1101010101010110100000001000010010101001010010010010000010011100
37994CF5,4,D7568184A949209C,1101011101010110100000011000010010101001010010010010000010011100
37994CF5,5,D5568084A109289C,1101010101010110100000001000010010100001000010010010100010011100
37994CF5,6,D7568084A949209C,1101011101010110100000001000010010101001010010010010000010011100
37994CF5,7,D7568084A949289C,1101011101010110100000001000010010101001010010010010100010011100
37994CF5,8,D5568084A949209C,1101010101010110100000001000010010101001010010010010000010011100
37994CF5,9,D7568084A949209C,1101011101010110100000001000010010101001010010010010000010011100
3E7A4171,0,018E4A9407A402F4,0000000110001110010010101001010000000111101001000000001011110100
3E7A4171,1,218E4A9405A402F4,0010000110001110010010101001010000000101101001000000001011110100
3E7A4171,2,018E4A9407A402F4,0000000110001110010010101001010000000111101001000000001011110100
3E7A4171,3,018E4A9405A402F4,0000000110001110010010101001010000000101101001000000001011110100
3E7A4171,4,018E4A9407A402F4,0000000110001110010010101001010000000111101001000000001011110100
3E7A4171,5,218E4A9405A402F4,0010000110001110010010101001010000000101101001000000001011110100
3E7A4171,6,018E4A9405A402F4,0000000110001110010010101001010000000101101001000000001011110100
3E7A4171,7,018E4A9405A402F4,0000000110001110010010101001010000000101101001000000001011110100
3E7A4171,8,018E4A9405A402F4,0000000110001110010010101001010000000101101001000000001011110100
3E7A4171,9,018E4A9407A402F4,0000000110001110010010101001010000000111101001000000001011110100
49360B09,0,5AA5484524214E14,0101101010100101010010000100010100100100001000010100111000010100
49360B09,1,5AA5484124214E14,0101101010100101010010000100000100100100001000010100111000010100
49360B09,2,5AA5484524214E14,0101101010100101010010000100010100100100001000010100111000010100
49360B09,3,5AA5484124214E14,0101101010100101010010000100000100100100001000010100111000010100
49360B09,4,5AA5484124214E14,0101101010100101010010000100000100100100001000010100111000010100
49360B09,5,5AA5484124214E14,0101101010100101010010000100000100100100001000010100111000010100
49360B09,6,5AA5484124214E14,0101101010100101010010000100000100100100001000010100111000010100
49360B09,7,5AA5C84124214E14,0101101010100101110010000100000100100100001000010100111000010100
49360B09,8,5AA5484124214E14,0101101010100101010010000100000100100100001000010100111000010100
49360B09,9,5AA5C84124214E14,0101101010100101110010000100000100100100001000010100111000010100
ADFD7DCC,0,1B502E101851ACB4,0001101101010000001011100001000000011000010100011010110010110100
ADFD7DCC,1,1B502E103851ACB4,0001101101010000001011100001000000111000010100011010110010110100
ADFD7DCC,2,1B502E103851ACB4,0001101101010000001011100001000000111000010100011010110010110100
ADFD7DCC,3,1B502E103851ACB4,0001101101010000001011100001000000111000010100011010110010110100
ADFD7DCC,4,1B502E101851ACB4,0001101101010000001011100001000000011000010100011010110010110100
ADFD7DCC,5,1B502E101851ACB4,0001101101010000001011100001000000011000010100011010110010110100
ADFD7DCC,6,1B502E101851ACB4,0001101101010000001011100001000000011000010100011010110010110100
ADFD7DCC,7,1B502E103851ACB4,0001101101010000001011100001000000111000010100011010110010110100
ADFD7DCC,8,1B502E101851ACB4,0001101101010000001011100001000000011000010100011010110010110100
ADFD7DCC,9,1B502E101851ACB4,0001101101010000001011100001000000011000010100011010110010110100
2630B4F4,0,4048EBA3E1075AE3,0100000001001000111010111010001111100001000001110101101011100011
2630B4F4,1,40C8EBA3E1075AE3,0100000011001000111010111010001111100001000001110101101011100011
2630B4F4,2,4048EBA3E1075AE3,0100000001001000111010111010001111100001000001110101101011100011
2630B4F4,3,4048EBA3E1075AE3,0100000001001000111010111010001111100001000001110101101011100011
2630B4F4,4,4048EBA3E1075AE3,0100000001001000111010111010001111100001000001110101101011100011
2630B4F4,5,4048EBA3E1075AE3,0100000001001000111010111010001111100001000001110101101011100011
2630B4F4,6,4048EBA3E1035AE3,0100000001001000111010111010001111100001000000110101101011100011
2630B4F4,7,4048EBA3E1075AE3,0100000001001000111010111010001111100001000001110101101011100011
2630B4F4,8,40C8EAA3E1075AE3,0100000011001000111010101010001111100001000001110101101011100011
2630B4F4,9,4048EBA3E1075AE3,0100000001001000111010111010001111100001000001110101101011100011
B44FB5C6,0,4085846046B840CA,0100000010000101100001000110000001000110101110000100000011001010
B44FB5C6,1,4085806146B840CA,0100000010000101100000000110000101000110101110000100000011001010
B44FB5C6,2,4085806346B840CA,0100000010000101100000000110001101000110101110000100000011001010
B44FB5C6,3,4085806146B8404A,0100000010000101100000000110000101000110101110000100000001001010
B44FB5C6,4,4085846146B8404A,0100000010000101100001000110000101000110101110000100000001001010
B44FB5C6,5,4085806146B840CA,0100000010000101100000000110000101000110101110000100000011001010
B44FB5C6,6,4085846146B8404A,0100000010000101100001000110000101000110101110000100000001001010
B44FB5C6,7,4085806146B840CA,0100000010000101100000000110000101000110101110000100000011001010
B44FB5C6,8,4085846146B8404A,0100000010000101100001000110000101000110101110000100000001001010
B44FB5C6,9,4085806146B8404A,0100000010000101100000000110000101000110101110000100000001001010
9B7CA97F,0,50622BF54063EA8B,0101000001100010001010111111010101000000011000111110101010001011
9B7CA97F,1,50622BF54063AA8B,0101000001100010001010111111010101000000011000111010101010001011
9B7CA97F,2,50622BF54063AA8B,0101000001100010001010111111010101000000011000111010101010001011
9B7CA97F,3,50622BF54063EA8B,0101000001100010001010111111010101000000011000111110101010001011
9B7CA97F,4,50622BF54063EA8B,0101000001100010001010111111010101000000011000111110101010001011
9B7CA97F,5,50622BF54063EA8B,0101000001100010001010111111010101000000011000111110101010001011
9B7CA97F,6,50622BF54063AA8B,0101000001100010001010111111010101000000011000111010101010001011
9B7CA97F,7,50622BF54063EA8B,0101000001100010001010111111010101000000011000111110101010001011
9B7CA97F,8,50622BF54063EA8B,0101000001100010001010111111010101000000011000111110101010001011
9B7CA97F,9,50622BF54063AA8B,0101000001100010001010111111010101000000011000111010101010001011
29271A31,0,B10205A6AFA81427,1011000100000010000001011010011010101111101010000001010000100111
29271A31,1,B10205A6AFA81427,1011000100000010000001011010011010101111101010000001010000100111
29271A31,2,B10205A6AFA81427,1011000100000010000001011010011010101111101010000001010000100111
29271A31,3,A10205A6AFA81427,1010000100000010000001011010011010101111101010000001010000100111
29271A31,4,B10205A6AFA81427,1011000100000010000001011010011010101111101010000001010000100111
29271A31,5,910205A6AFA81427,1001000100000010000001011010011010101111101010000001010000100111
29271A31,6,B10205A6ABA81427,1011000100000010000001011010011010101011101010000001010000100111
29271A31,7,A10205A6ABA81427,1010000100000010000001011010011010101011101010000001010000100111
29271A31,8,B10205A6AFA81427,1011000100000010000001011010011010101111101010000001010000100111
29271A31,9,B10205A6ABA81427,1011000100000010000001011010011010101011101010000001010000100111
CD93A898,0,75103EBA8E04B448,0111010100010000001111101011101010001110000001001011010001001000
CD93A898,1,75103EBA8E0CB448,0111010100010000001111101011101010001110000011001011010001001000
CD93A898,2,75103EBA8E04B44A,0111010100010000001111101011101010001110000001001011010001001010
CD93A898,3,75103EAA8E0CB44A,0111010100010000001111101010101010001110000011001011010001001010
CD93A898,4,75103EAA8E0CB44A,0111010100010000001111101010101010001110000011001011010001001010
CD93A898,5,75103EBA8E04B448,0111010100010000001111101011101010001110000001001011010001001000
CD93A898,6,75103EAA8E04B44A,0111010100010000001111101010101010001110000001001011010001001010
CD93A898,7,75103EAA8E0CB44A,0111010100010000001111101010101010001110000011001011010001001010
CD93A898,8,75103EBA8E0CB44A,0111010100010000001111101011101010001110000011001011010001001010
CD93A898,9,75103EAA8E0CB44A,0111010100010000001111101010101010001110000011001011010001001010
C0AF10D8,0,3EAE75503208E504,0011111010101110011101010101000000110010000010001110010100000100
C0AF10D8,1,3EAE75503208E544,0011111010101110011101010101000000110010000010001110010101000100
C0AF10D8,2,3EAE75503208E544,0011111010101110011101010101000000110010000010001110010101000100
C0AF10D8,3,3EAE75503208E544,0011111010101110011101010101000000110010000010001110010101000100
C0AF10D8,4,3EAE75503208E504,0011111010101110011101010101000000110010000010001110010100000100
C0AF10D8,5,3EAE75503208E504,0011111010101110011101010101000000110010000010001110010100000100
C0AF10D8,6,3EAE75503208E544,0011111010101110011101010101000000110010000010001110010101000100
C0AF10D8,7,3EAE75503208E504,0011111010101110011101010101000000110010000010001110010100000100
C0AF10D8,8,3EAE75503208E505,0011111010101110011101010101000000110010000010001110010100000101
C0AF10D8,9,3EAE35503208E544,0011111010101110001101010101000000110010000010001110010101000100
1B486683,0,BF51182F455F180A,1011111101010001000110000010111101000101010111110001100000001010
1B486683,1,BF51182F455F180A,1011111101010001000110000010111101000101010111110001100000001010
1B486683,2,BF51182F455F180A,1011111101010001000110000010111101000101010111110001100000001010
1B486683,3,BF51182F455F180A,1011111101010001000110000010111101000101010111110001100000001010
1B486683,4,BF51182F4557180B,1011111101010001000110000010111101000101010101110001100000001011
1B486683,5,BF51182F455F184A,1011111101010001000110000010111101000101010111110001100001001010
1B486683,6,BF51182F455F180A,1011111101010001000110000010111101000101010111110001100000001010
1B486683,7,BF51182F455F180A,1011111101010001000110000010111101000101010111110001100000001010
1B486683,8,BF51182F4557180A,1011111101010001000110000010111101000101010101110001100000001010
1B486683,9,BF51182F455F184A,1011111101010001000110000010111101000101010111110001100001001010
D6BD76AF,0,1182AF404A202952,0001000110000010101011110100000001001010001000000010100101010010
D6BD76AF,1,1182AF404A202942,0001000110000010101011110100000001001010001000000010100101000010
D6BD76AF,2,1182AF404A222952,0001000110000010101011110100000001001010001000100010100101010010
D6BD76AF,3,1182AF404A222952,0001000110000010101011110100000001001010001000100010100101010010
D6BD76AF,4,1182AF404A222952,0001000110000010101011110100000001001010001000100010100101010010
D6BD76AF,5,1182AF404A222952,0001000110000010101011110100000001001010001000100010100101010010
D6BD76AF,6,1182AF404A222952,0001000110000010101011110100000001001010001000100010100101010010
D6BD76AF,7,1182AF404A202952,0001000110000010101011110100000001001010001000000010100101010010
D6BD76AF,8,1182AF404A222952,0001000110000010101011110100000001001010001000100010100101010010
D6BD76AF,9,1182AF404A202952,0001000110000010101011110100000001001010001000000010100101010010
2A53421F,0,A056C4346AD58509,1010000001010110110001000011010001101010110101011000010100001001
2A53421F,1,A056C4346AD58509,1010000001010110110001000011010001101010110101011000010100001001
2A53421F,2,A056C0346AD18509,1010000001010110110000000011010001101010110100011000010100001001
2A53421F,3,A056C0346AD18509,1010000001010110110000000011010001101010110100011000010100001001
2A53421F,4,A056C0346AD58509,1010000001010110110000000011010001101010110101011000010100001001
2A53421F,5,A056C0346AD58509,1010000001010110110000000011010001101010110101011000010100001001
2A53421F,6,A056C0346AD58509,1010000001010110110000000011010001101010110101011000010100001001
2A53421F,7,A056C0346AD58509,1010000001010110110000000011010001101010110101011000010100001001
2A53421F,8,A056C0346AD58509,1010000001010110110000000011010001101010110101011000010100001001
2A53421F,9,A056C0346AD58509,1010000001010110110000000011010001101010110101011000010100001001
BE62B871,0,0A32407AAA9B4062,0000101000110010010000000111101010101010100110110100000001100010
BE62B871,1,0A34407AEA9B4062,0000101000110100010000000111101011101010100110110100000001100010
BE62B871,2,0A34407AEA9B4062,0000101000110100010000000111101011101010100110110100000001100010
BE62B871,3,0A34407AEA9B4062,0000101000110100010000000111101011101010100110110100000001100010
BE62B871,4,0A34407AEA9B4062,0000101000110100010000000111101011101010100110110100000001100010
BE62B871,5,0A34407AAA9B4062,0000101000110100010000000111101010101010100110110100000001100010
BE62B871,6,0A34407AEA9B4062,0000101000110100010000000111101011101010100110110100000001100010
BE62B871,7,0A34407AEA9B4062,0000101000110100010000000111101011101010100110110100000001100010
BE62B871,8,0A34407AEA9B4062,0000101000110100010000000111101011101010100110110100000001100010
BE62B871,9,0A34407AEA9B4062,0000101000110100010000000111101011101010100110110100000001100010
C970C896,0,8941124239540CAB,1000100101000001000100100100001000111001010101000000110010101011
C970C896,1,8901124239540CAB,1000100100000001000100100100001000111001010101000000110010101011
C970C896,2,8991124239540CAB,1000100110010001000100100100001000111001010101000000110010101011
C970C896,3,8981124239540CAB,1000100110000001000100100100001000111001010101000000110010101011
C970C896,4,8911124239540CAB,1000100100010001000100100100001000111001010101000000110010101011
C970C896,5,8911124239540CAB,1000100100010001000100100100001000111001010101000000110010101011
C970C896,6,8911124239540CAB,1000100100010001000100100100001000111001010101000000110010101011
C970C896,7,8991124239540CAB,1000100110010001000100100100001000111001010101000000110010101011
C970C896,8,8901124239540CAB,1000100100000001000100100100001000111001010101000000110010101011
C970C896,9,8911124239540CAB,1000100100010001000100100100001000111001010101000000110010101011
B88CB5BE,0,2D4085846046B840,0010110101000000100001011000010001100000010001101011100001000000
B88CB5BE,1,2D4085806146B840,0010110101000000100001011000000001100001010001101011100001000000
B88CB5BE,2,2D4085846146B840,0010110101000000100001011000010001100001010001101011100001000000
B88CB5BE,3,2D4085806146B840,0010110101000000100001011000000001100001010001101011100001000000
B88CB5BE,4,2D4085806146B850,0010110101000000100001011000000001100001010001101011100001010000
B88CB5BE,5,2D4085846146B840,0010110101000000100001011000010001100001010001101011100001000000
B88CB5BE,6,2D4085846146B840,0010110101000000100001011000010001100001010001101011100001000000
B88CB5BE,7,2D4085806142B840,0010110101000000100001011000000001100001010000101011100001000000
B88CB5BE,8,2D4085846146B840,0010110101000000100001011000010001100001010001101011100001000000
B88CB5BE,9,2D4085806346B840,0010110101000000100001011000000001100011010001101011100001000000
03D6C7D3,0,602D9575E022C508,0110000000101101100101010111010111100000001000101100010100001000
03D6C7D3,1,602D9575E022C508,0110000000101101100101010111010111100000001000101100010100001000
03D6C7D3,2,602D9575E022C508,0110000000101101100101010111010111100000001000101100010100001000
03D6C7D3,3,602D9575E022C508,0110000000101101100101010111010111100000001000101100010100001000
03D6C7D3,4,602D9575E022C508,0110000000101101100101010111010111100000001000101100010100001000
03D6C7D3,5,602D9575E022C508,0110000000101101100101010111010111100000001000101100010100001000
03D6C7D3,6,602D9575E022C508,0110000000101101100101010111010111100000001000101100010100001000
03D6C7D3,7,602D9555E022C508,0110000000101101100101010101010111100000001000101100010100001000
03D6C7D3,8,602D9575E026C508,0110000000101101100101010111010111100000001001101100010100001000
03D6C7D3,9,602D9575E022C508,0110000000101101100101010111010111100000001000101100010100001000
E1D5D9F1,0,578A022C056A07C2,0101011110001010000000100010110000000101011010100000011111000010
E1D5D9F1,1,57AA222C056A03C2,0101011110101010001000100010110000000101011010100000001111000010
E1D5D9F1,2,57AA222C056A03C2,0101011110101010001000100010110000000101011010100000001111000010
E1D5D9F1,3,57AA022C056A03C2,0101011110101010000000100010110000000101011010100000001111000010
E1D5D9F1,4,57AA222C056A03C2,0101011110101010001000100010110000000101011010100000001111000010
E1D5D9F1,5,57AA022C056A03C2,0101011110101010000000100010110000000101011010100000001111000010
E1D5D9F1,6,57AA222C056A03C2,0101011110101010001000100010110000000101011010100000001111000010
E1D5D9F1,7,57AA022C056A07C2,0101011110101010000000100010110000000101011010100000011111000010
E1D5D9F1,8,57AA022C056A07C2,0101011110101010000000100010110000000101011010100000011111000010
E1D5D9F1,9,57AA022C056A03C2,0101011110101010000000100010110000000101011010100000001111000010
8A2869B3,0,51581F08D42888B0,0101000101011000000111110000100011010100001010001000100010110000
8A2869B3,1,51581F08D42808B0,0101000101011000000111110000100011010100001010000000100010110000
8A2869B3,2,51581F08D42808B0,0101000101011000000111110000100011010100001010000000100010110000
8A2869B3,3,51581F08D42808B0,0101000101011000000111110000100011010100001010000000100010110000
8A2869B3,4,51581F08D42808B0,0101000101011000000111110000100011010100001010000000100010110000
8A2869B3,5,51580F08D42808B0,0101000101011000000011110000100011010100001010000000100010110000
8A2869B3,6,51580F08D42808B0,0101000101011000000011110000100011010100001010000000100010110000
8A2869B3,7,51580F08D42808B0,0101000101011000000011110000100011010100001010000000100010110000
8A2869B3,8,51581F08D42808B0,0101000101011000000111110000100011010100001010000000100010110000
8A2869B3,9,51580F08D42808B0,0101000101011000000011110000100011010100001010000000100010110000
8F24F18C,0,B40CBABD550C802B,1011010000001100101110101011110101010101000011001000000000101011
8F24F18C,1,B40CBABD550C802B,1011010000001100101110101011110101010101000011001000000000101011
8F24F18C,2,B40CBABD550C802B,1011010000001100101110101011110101010101000011001000000000101011
8F24F18C,3,B40CBABD550C802B,1011010000001100101110101011110101010101000011001000000000101011
8F24F18C,4,B40CBABD550C802B,1011010000001100101110101011110101010101000011001000000000101011
8F24F18C,5,B40CBABD550C802B,1011010000001100101110101011110101010101000011001000000000101011
8F24F18C,6,B40CBABD550C802B,1011010000001100101110101011110101010101000011001000000000101011
8F24F18C,7,B40CBABD550C802B,1011010000001100101110101011110101010101000011001000000000101011
8F24F18C,8,B40CBABD550C802B,1011010000001100101110101011110101010101000011001000000000101011
8F24F18C,9,B60CBABD550C802B,1011011000001100101110101011110101010101000011001000000000101011
39BFF982,0,032FA8AD4322AF54,0000001100101111101010001010110101000011001000101010111101010100
39BFF982,1,032FA8AD4322AF14,0000001100101111101010001010110101000011001000101010111100010100
39BFF982,2,832FA8AD4322AF54,1000001100101111101010001010110101000011001000101010111101010100
39BFF982,3,032FA8AD4322AF54,0000001100101111101010001010110101000011001000101010111101010100
39BFF982,4,032FA8AD4322AF14,0000001100101111101010001010110101000011001000101010111100010100
39BFF982,5,032FA8AD4322AF54,0000001100101111101010001010110101000011001000101010111101010100
39BFF982,6,032FA8AD4322AF54,0000001100101111101010001010110101000011001000101010111101010100
39BFF982,7,032FA8AD4322AF54,0000001100101111101010001010110101000011001000101010111101010100
39BFF982,8,032FA8AD4322AF54,0000001100101111101010001010110101000011001000101010111101010100
39BFF982,9,032FA8AD4322AF54,0000001100101111101010001010110101000011001000101010111101010100
ADCF2C70,0,DA0431A0BA5D3D20,1101101000000100001100011010000010111010010111010011110100100000
ADCF2C70,1,DA0431A0BA5D3D20,1101101000000100001100011010000010111010010111010011110100100000
ADCF2C70,2,DA0431A0BA5D3D20,1101101000000100001100011010000010111010010111010011110100100000
ADCF2C70,3,DA0431A0BA5D3D20,1101101000000100001100011010000010111010010111010011110100100000
ADCF2C70,4,DA0431A0BA5D3D20,1101101000000100001100011010000010111010010111010011110100100000
ADCF2C70,5,DA0431A0BA5D3D20,1101101000000100001100011010000010111010010111010011110100100000
ADCF2C70,6,DA0431A0BA5D3D20,1101101000000100001100011010000010111010010111010011110100100000
ADCF2C70,7,DA0431A0BA5D3D20,1101101000000100001100011010000010111010010111010011110100100000
ADCF2C70,8,DA0431A0BA5D3D20,1101101000000100001100011010000010111010010111010011110100100000
ADCF2C70,9,DA0431A0BA5D3D20,1101101000000100001100011010000010111010010111010011110100100000
F95400EB,0,7081F2512825A047,0111000010000001111100100101000100101000001001011010000001000111
F95400EB,1,7081F2412025A047,0111000010000001111100100100000100100000001001011010000001000111
F95400EB,2,7081F2512025A047,0111000010000001111100100101000100100000001001011010000001000111
F95400EB,3,7081F0512025A047,0111000010000001111100000101000100100000001001011010000001000111
F95400EB,4,7081F2512025A047,0111000010000001111100100101000100100000001001011010000001000111
F95400EB,5,7481F2512025A047,0111010010000001111100100101000100100000001001011010000001000111
F95400EB,6,7081F2512025A047,0111000010000001111100100101000100100000001001011010000001000111
F95400EB,7,7081F2512065A047,0111000010000001111100100101000100100000011001011010000001000111
F95400EB,8,7081F2512025A047,0111000010000001111100100101000100100000001001011010000001000111
F95400EB,9,7081F2512065A047,0111000010000001111100100101000100100000011001011010000001000111
04D94EEA,0,07A2A92D010A9251,0000011110100010101010010010110100000001000010101001001001010001
04D94EEA,1,07A2AD2F010A9251,0000011110100010101011010010111100000001000010101001001001010001
04D94EEA,2,07A2A92D010A9251,0000011110100010101010010010110100000001000010101001001001010001
04D94EEA,3,07A2AD2D010A9251,0000011110100010101011010010110100000001000010101001001001010001
04D94EEA,4,07A2AD2F010A9251,0000011110100010101011010010111100000001000010101001001001010001
04D94EEA,5,07A2AD2D010A9251,0000011110100010101011010010110100000001000010101001001001010001
04D94EEA,6,07A2AD2F010A9251,0000011110100010101011010010111100000001000010101001001001010001
04D94EEA,7,07A2AD2D010A9251,0000011110100010101011010010110100000001000010101001001001010001
04D94EEA,8,07A2AD2F018A9251,0000011110100010101011010010111100000001100010101001001001010001
04D94EEA,9,07A2AD2F010A9251,0000011110100010101011010010111100000001000010101001001001010001
3283070E,0,0B4C29C42488AB9D,0000101101001100001010011100010000100100100010001010101110011101
3283070E,1,8B4C29C42488AB9D,1000101101001100001010011100010000100100100010001010101110011101
3283070E,2,8B4829C42488AB9D,1000101101001000001010011100010000100100100010001010101110011101
3283070E,3,8B4829C424882B9D,1000101101001000001010011100010000100100100010000010101110011101
3283070E,4,1B4829C42488AB9D,0001101101001000001010011100010000100100100010001010101110011101
3283070E,5,8B4829C424882B9D,1000101101001000001010011100010000100100100010000010101110011101
3283070E,6,9B4829C424882B9D,1001101101001000001010011100010000100100100010000010101110011101
3283070E,7,8B4C29C424A8AB9D,1000101101001100001010011100010000100100101010001010101110011101
3283070E,8,8B4A29C424882B9D,1000101101001010001010011100010000100100100010000010101110011101
3283070E,9,8B4829C424882B9D,1000101101001000001010011100010000100100100010000010101110011101
